Feature,Importance
Power,0.25583736163230236
Rotational speed [rpm],0.16575575616640598
Torque [Nm],0.15939215796106734
Temp_Difference,0.14053686332704818
Wear_Ratio,0.1075485435466853
Tool wear [min],0.06873793250783082
Air temperature [K],0.046618529504772944
Process temperature [K],0.039589107459339384
Type,0.015983747894547685
